Radius (m),Pressure (Pa)
6371000.0,0.0 
6321000.0,1562767335.0
6271000.0,3173745915.0
6221000.0,4817786647.5
6171000.0,6486609892.5
6121000.0,8177942182.5
6071000.0,9891386212.5
6021000.0,11628506677.5
5971000.0,13392293175.0
5921000.0,15211160370.0
5871000.0,17079656355.0
5821000.0,18975424140.0 
5771000.0,20901100162.5 
5721000.0,22853277900.0
5671000.0,24892156417.5
5621000.0,27018562207.5
5571000.0,29180360025.0
5521000.0,31369027432.5
5471000.0,33572738475.0
5421000.0,35791213567.5
5371000.0,38024281035.0
5321000.0,40271842777.5
5271000.0,42533714857.5
5221000.0,44809652025.0
5171000.0,47099516940.0
5121000.0,49403245837.5
5071000.0,51720684210.0
5021000.0,54051618690.0
4971000.0,56395936462.5
4921000.0,58753593382.5
4871000.0,61124454562.5
4821000.0,63508331160.0
4771000.0,65905129980.0
4721000.0,68314824045.0
4671000.0,70737300540.0
4621000.0,73172385337.5
4571000.0,75620014672.5
4521000.0,78080173830.0
4471000.0,80552752447.5
4421000.0,83037600922.5
4371000.0,85534667752.5
4321000.0,88043972557.5
4271000.0,90565429500.0
4221000.0,93098893882.5
4171000.0,95644333822.5
4121000.0,98201793465.0
4071000.0,100771206592.5
4021000.0,103352426055.0
3971000.0,105945434685.0
3921000.0,108550306057.5
3871000.0,111166988670.0
3821000.0,113795350087.5
3771000.0,116439194137.5
3721000.0,119109905325.0
3671000.0,121804015815.0
3621000.0,124510486905.0
3571000.0,127229399527.5
3521000.0,129960851782.5
3480000.0,132209909550.0
